{
  "language": "Русский",
  "buttons": {
    "new game": "Новая игра",
    "start game": "Начать игру",
    "load game": "Загрузить игру",
    "settings": "Настройки",
    "music volume": "Громкость музыки",
    "screen mode": "Режим экрана",
    "language": "Язык",
    "windowed": "Оконный режим",
    "fullscreen": "Полноэкранный режим",
    "back": "Назад",
    "exit": "Выход"
  }
}